{
    "customers": {
        "I-HARD_PATCH_TRANSIT": [
            {
                "badCircuits": 1,
                "customerName": "Zajil Telecom",
                "goodCircuits": 2,
                "serviceType": "I-HARD_PATCH_TRANSIT"
            }
        ],
        "I-IGNET": [
            {
                "badCircuits": 1,
                "customerName": "Sudan Telecom Com LTD",
                "goodCircuits": 2,
                "serviceType": "I-IGNET"
            },
            {
                "badCircuits": 1,
                "customerName": "VIVA  - Kuwait",
                "goodCircuits": 3,
                "serviceType": "I-IGNET"
            }
        ],
        "I-IP_NODE": [],
        "I-IP_TRANSIT": [],
        "I-OSS-SS": [],
        "I-PEERING-BB": [],
        "I-SUBMARINE_CAPACITY": [],
        "I/N-INTERCONNECT_LINK": [
            {
                "badCircuits": 21,
                "customerName": "VIVA  - Kuwait",
                "goodCircuits": 262,
                "serviceType": "I/N-INTERCONNECT_LINK"
            },
            {
                "badCircuits": 15,
                "customerName": "Pella Telecommunication Ltd",
                "goodCircuits": 68,
                "serviceType": "I/N-INTERCONNECT_LINK"
            },
            {
                "badCircuits": 13,
                "customerName": "Jordan Telecom Group Orange)",
                "goodCircuits": 58,
                "serviceType": "I/N-INTERCONNECT_LINK"
            },
            {
                "badCircuits": 8,
                "customerName": "TATA COMMUNICATIONS CANADA LTD",
                "goodCircuits": 122,
                "serviceType": "I/N-INTERCONNECT_LINK"
            },
            {
                "badCircuits": 7,
                "customerName": "BANGLADESH (TRAC)",
                "goodCircuits": 156,
                "serviceType": "I/N-INTERCONNECT_LINK"
            },
            {
                "badCircuits": 5,
                "customerName": "TELECOM EGYPT",
                "goodCircuits": 846,
                "serviceType": "I/N-INTERCONNECT_LINK"
            },
            {
                "badCircuits": 4,
                "customerName": "Bangladesh Telecom Co Ltd BTCL",
                "goodCircuits": 150,
                "serviceType": "I/N-INTERCONNECT_LINK"
            },
            {
                "badCircuits": 4,
                "customerName": "India Idea",
                "goodCircuits": 59,
                "serviceType": "I/N-INTERCONNECT_LINK"
            },
            {
                "badCircuits": 4,
                "customerName": "Teleyemen",
                "goodCircuits": 1014,
                "serviceType": "I/N-INTERCONNECT_LINK"
            },
            {
                "badCircuits": 3,
                "customerName": "SFR",
                "goodCircuits": 7,
                "serviceType": "I/N-INTERCONNECT_LINK"
            },
            {
                "badCircuits": 2,
                "customerName": "Gateway Telecom",
                "goodCircuits": 6,
                "serviceType": "I/N-INTERCONNECT_LINK"
            },
            {
                "badCircuits": 2,
                "customerName": "Rostelecom",
                "goodCircuits": 5,
                "serviceType": "I/N-INTERCONNECT_LINK"
            },
            {
                "badCircuits": 1,
                "customerName": "Australia Reach",
                "goodCircuits": 9,
                "serviceType": "I/N-INTERCONNECT_LINK"
            },
            {
                "badCircuits": 1,
                "customerName": "BICS-Belgacom Intl Carrier",
                "goodCircuits": 134,
                "serviceType": "I/N-INTERCONNECT_LINK"
            },
            {
                "badCircuits": 1,
                "customerName": "SomTel",
                "goodCircuits": 1,
                "serviceType": "I/N-INTERCONNECT_LINK"
            },
            {
                "badCircuits": 1,
                "customerName": "TELSTRA INTL limited-HONGKONG",
                "goodCircuits": 63,
                "serviceType": "I/N-INTERCONNECT_LINK"
            },
            {
                "badCircuits": 1,
                "customerName": "Turk Telekom International",
                "goodCircuits": 0,
                "serviceType": "I/N-INTERCONNECT_LINK"
            }
        ],
        "I/N-INTERNET_CONNECTIVITY": [],
        "I2N-L2VPN": [],
        "N-WDIA": [
            {
                "badCircuits": 1,
                "customerName": "EATC",
                "goodCircuits": 227,
                "serviceType": "N-WDIA"
            }
        ]
    }
}