{
    "customers": [
        {
            "badCircuits": 22,
            "customerName": "VIVA  - Kuwait",
            "goodCircuits": 267
        },
        {
            "badCircuits": 15,
            "customerName": "Pella Telecommunication Ltd",
            "goodCircuits": 68
        },
        {
            "badCircuits": 13,
            "customerName": "Jordan Telecom Group Orange)",
            "goodCircuits": 61
        },
        {
            "badCircuits": 8,
            "customerName": "TATA COMMUNICATIONS CANADA LTD",
            "goodCircuits": 122
        },
        {
            "badCircuits": 7,
            "customerName": "BANGLADESH (TRAC)",
            "goodCircuits": 156
        },
        {
            "badCircuits": 5,
            "customerName": "TELECOM EGYPT",
            "goodCircuits": 846
        },
        {
            "badCircuits": 4,
            "customerName": "India Idea",
            "goodCircuits": 59
        },
        {
            "badCircuits": 4,
            "customerName": "Bangladesh Telecom Co Ltd BTCL",
            "goodCircuits": 150
        },
        {
            "badCircuits": 4,
            "customerName": "Teleyemen",
            "goodCircuits": 1019
        },
        {
            "badCircuits": 3,
            "customerName": "SFR",
            "goodCircuits": 7
        },
        {
            "badCircuits": 2,
            "customerName": "Gateway Telecom",
            "goodCircuits": 6
        },
        {
            "badCircuits": 2,
            "customerName": "Rostelecom",
            "goodCircuits": 5
        },
        {
            "badCircuits": 1,
            "customerName": "Australia Reach",
            "goodCircuits": 9
        },
        {
            "badCircuits": 1,
            "customerName": "Zajil Telecom",
            "goodCircuits": 2
        },
        {
            "badCircuits": 1,
            "customerName": "SomTel",
            "goodCircuits": 1
        },
        {
            "badCircuits": 1,
            "customerName": "BICS-Belgacom Intl Carrier",
            "goodCircuits": 134
        },
        {
            "badCircuits": 1,
            "customerName": "TELSTRA INTL limited-HONGKONG",
            "goodCircuits": 63
        },
        {
            "badCircuits": 1,
            "customerName": "EATC",
            "goodCircuits": 847
        },
        {
            "badCircuits": 1,
            "customerName": "Turk Telekom International",
            "goodCircuits": 0
        },
        {
            "badCircuits": 1,
            "customerName": "Sudan Telecom Com LTD",
            "goodCircuits": 274
        }
    ]
}