{
    "services": {
        "All": [
            {
                "badCircuits": 93,
                "goodCircuits": 16621,
                "serviceType": "I/N-INTERCONNECT_LINK"
            },
            {
                "badCircuits": 2,
                "goodCircuits": 32,
                "serviceType": "I-IGNET"
            },
            {
                "badCircuits": 1,
                "goodCircuits": 51,
                "serviceType": "I-HARD_PATCH_TRANSIT"
            },
            {
                "badCircuits": 1,
                "goodCircuits": 344,
                "serviceType": "N-WDIA"
            }
        ],
        "Capacity": [
            {
                "badCircuits": 1,
                "goodCircuits": 51,
                "serviceType": "I-HARD_PATCH_TRANSIT"
            }
        ],
        "Data": [
            {
                "badCircuits": 2,
                "goodCircuits": 32,
                "serviceType": "I-IGNET"
            },
            {
                "badCircuits": 1,
                "goodCircuits": 344,
                "serviceType": "N-WDIA"
            }
        ],
        "Voice": [
            {
                "badCircuits": 93,
                "goodCircuits": 16621,
                "serviceType": "I/N-INTERCONNECT_LINK"
            }
        ]
    }
}